{
	"masterPicture": "favicon.png",
	"iconsPath": "/",
	"design": {
		"ios": {
			"pictureAspect": "backgroundAndMargin",
			"backgroundColor": "#000000",
			"margin": "18%",
			"assets": {
				"ios6AndPriorIcons": true,
				"ios7AndLaterIcons": true,
				"precomposedIcons": false,
				"declareOnlyDefaultIcon": true
			}
		},
		"desktopBrowser": {
			"design": "raw"
		},
		"windows": {
			"pictureAspect": "noChange",
			"backgroundColor": "#000000",
			"onConflict": "override",
			"assets": {
				"windows80Ie10Tile": false,
				"windows10Ie11EdgeTiles": {
					"small": false,
					"medium": true,
					"big": false,
					"rectangle": false
				}
			}
		},
		"androidChrome": {
			"pictureAspect": "noChange",
			"themeColor": "#000000",
			"manifest": {
				"display": "standalone",
				"orientation": "notSet",
				"onConflict": "override",
				"declared": true
			},
			"assets": {
				"legacyIcon": false,
				"lowResolutionIcons": true
			}
		},
		"safariPinnedTab": {
			"pictureAspect": "blackAndWhite",
			"threshold": 89.21875,
			"themeColor": "#000000"
		}
	},
	"settings": {
		"compression": 2,
		"scalingAlgorithm": "Mitchell",
		"errorOnImageTooSmall": false,
		"readmeFile": false,
		"htmlCodeFile": false,
		"usePathAsIs": false
	}
}